epoch,test_loss,test_accuracy,test_precision,test_recall,test_f1-score
1,3.7495646,0.061016949152542375,0.09349124207307809,0.06083333333333334,0.05235140922231756
